id,team,rolling_5_form
335983,Chennai Super Kings,0.5
335989,Chennai Super Kings,1.0
335993,Chennai Super Kings,1.0
335996,Chennai Super Kings,1.0
336001,Chennai Super Kings,1.0
336005,Chennai Super Kings,0.8
336007,Chennai Super Kings,0.6
336009,Chennai Super Kings,0.4
336013,Chennai Super Kings,0.4
336018,Chennai Super Kings,0.4
336025,Chennai Super Kings,0.4
336029,Chennai Super Kings,0.6
336033,Chennai Super Kings,0.6
336037,Chennai Super Kings,0.4
336039,Chennai Super Kings,0.4
336040,Chennai Super Kings,0.6
392181,Chennai Super Kings,0.4
392185,Chennai Super Kings,0.4
392189,Chennai Super Kings,0.6
392196,Chennai Super Kings,0.4
392202,Chennai Super Kings,0.2
392206,Chennai Super Kings,0.4
392209,Chennai Super Kings,0.6
392214,Chennai Super Kings,0.6
392217,Chennai Super Kings,0.8
392224,Chennai Super Kings,1.0
392227,Chennai Super Kings,0.8
392231,Chennai Super Kings,0.8
392234,Chennai Super Kings,0.6
392238,Chennai Super Kings,0.6
419110,Chennai Super Kings,0.4
419113,Chennai Super Kings,0.4
419116,Chennai Super Kings,0.4
419121,Chennai Super Kings,0.6
419123,Chennai Super Kings,0.4
419125,Chennai Super Kings,0.4
419129,Chennai Super Kings,0.4
419133,Chennai Super Kings,0.2
419137,Chennai Super Kings,0.2
419142,Chennai Super Kings,0.4
419147,Chennai Super Kings,0.6
419153,Chennai Super Kings,0.6
419155,Chennai Super Kings,0.8
419159,Chennai Super Kings,0.6
419163,Chennai Super Kings,0.6
419165,Chennai Super Kings,0.6
501198,Chennai Super Kings,0.8
501206,Chennai Super Kings,0.8
501211,Chennai Super Kings,0.8
501215,Chennai Super Kings,0.8
501221,Chennai Super Kings,0.6
501226,Chennai Super Kings,0.4
501228,Chennai Super Kings,0.4
501236,Chennai Super Kings,0.6
501240,Chennai Super Kings,0.6
501245,Chennai Super Kings,0.8
501249,Chennai Super Kings,0.8
501253,Chennai Super Kings,0.8
501261,Chennai Super Kings,0.8
501266,Chennai Super Kings,0.8
501268,Chennai Super Kings,0.6
501271,Chennai Super Kings,0.8
548306,Chennai Super Kings,0.8
548311,Chennai Super Kings,0.6
548316,Chennai Super Kings,0.6
548318,Chennai Super Kings,0.6
548322,Chennai Super Kings,0.6
548330,Chennai Super Kings,0.4
548332,Chennai Super Kings,0.6
548343,Chennai Super Kings,0.6
548347,Chennai Super Kings,0.6
548352,Chennai Super Kings,0.4
548355,Chennai Super Kings,0.6
548361,Chennai Super Kings,0.4
548364,Chennai Super Kings,0.4
548368,Chennai Super Kings,0.6
548371,Chennai Super Kings,0.8
548379,Chennai Super Kings,0.6
548380,Chennai Super Kings,0.8
548381,Chennai Super Kings,0.8
598002,Chennai Super Kings,0.6
598007,Chennai Super Kings,0.4
598012,Chennai Super Kings,0.6
598015,Chennai Super Kings,0.6
598020,Chennai Super Kings,0.4
598022,Chennai Super Kings,0.6
598026,Chennai Super Kings,0.8
598030,Chennai Super Kings,0.8
598034,Chennai Super Kings,0.8
598038,Chennai Super Kings,1.0
598041,Chennai Super Kings,1.0
598046,Chennai Super Kings,1.0
598051,Chennai Super Kings,0.8
598058,Chennai Super Kings,0.8
598062,Chennai Super Kings,0.6
598068,Chennai Super Kings,0.6
598070,Chennai Super Kings,0.4
598073,Chennai Super Kings,0.6
729283,Chennai Super Kings,0.4
729293,Chennai Super Kings,0.4
729297,Chennai Super Kings,0.4
729303,Chennai Super Kings,0.6
729311,Chennai Super Kings,0.6
733971,Chennai Super Kings,0.8
733981,Chennai Super Kings,1.0
733987,Chennai Super Kings,1.0
733995,Chennai Super Kings,0.8
734003,Chennai Super Kings,0.8
734013,Chennai Super Kings,0.8
734023,Chennai Super Kings,0.6
734029,Chennai Super Kings,0.4
734035,Chennai Super Kings,0.4
734045,Chennai Super Kings,0.4
734047,Chennai Super Kings,0.4
829707,Chennai Super Kings,0.4
829711,Chennai Super Kings,0.6
829729,Chennai Super Kings,0.8
829735,Chennai Super Kings,0.8
829745,Chennai Super Kings,0.6
829753,Chennai Super Kings,0.8
829765,Chennai Super Kings,0.8
829723,Chennai Super Kings,0.8
829773,Chennai Super Kings,0.6
829779,Chennai Super Kings,0.6
829789,Chennai Super Kings,0.6
829797,Chennai Super Kings,0.4
829801,Chennai Super Kings,0.4
829809,Chennai Super Kings,0.4
829817,Chennai Super Kings,0.6
829821,Chennai Super Kings,0.4
829823,Chennai Super Kings,0.6
1136561,Chennai Super Kings,0.4
1136565,Chennai Super Kings,0.6
1136572,Chennai Super Kings,0.6
1136577,Chennai Super Kings,0.6
1136580,Chennai Super Kings,0.6
1136584,Chennai Super Kings,0.8
1136587,Chennai Super Kings,0.8
1136590,Chennai Super Kings,0.6
1136593,Chennai Super Kings,0.8
1136595,Chennai Super Kings,0.6
1136603,Chennai Super Kings,0.6
1136606,Chennai Super Kings,0.4
1136612,Chennai Super Kings,0.6
1136616,Chennai Super Kings,0.4
1136617,Chennai Super Kings,0.6
1136620,Chennai Super Kings,0.6
1175356,Chennai Super Kings,0.8
1175360,Chennai Super Kings,0.8
1175367,Chennai Super Kings,1.0
1175370,Chennai Super Kings,1.0
1178393,Chennai Super Kings,0.8
1178398,Chennai Super Kings,0.8
1178400,Chennai Super Kings,0.8
1178404,Chennai Super Kings,0.8
1178408,Chennai Super Kings,0.8
1178414,Chennai Super Kings,0.8
1178416,Chennai Super Kings,0.6
1178419,Chennai Super Kings,0.6
1178425,Chennai Super Kings,0.4
1178430,Chennai Super Kings,0.4
1181764,Chennai Super Kings,0.4
1181767,Chennai Super Kings,0.4
1181768,Chennai Super Kings,0.4
1216492,Chennai Super Kings,0.4
1216496,Chennai Super Kings,0.4
1216539,Chennai Super Kings,0.4
1216516,Chennai Super Kings,0.4
1216513,Chennai Super Kings,0.2
1216501,Chennai Super Kings,0.4
1216525,Chennai Super Kings,0.2
1216528,Chennai Super Kings,0.2
1216509,Chennai Super Kings,0.4
1216533,Chennai Super Kings,0.4
1216521,Chennai Super Kings,0.2
1216544,Chennai Super Kings,0.2
1216536,Chennai Super Kings,0.4
1216506,Chennai Super Kings,0.4
1254059,Chennai Super Kings,0.6
1254065,Chennai Super Kings,0.6
1254069,Chennai Super Kings,0.8
1254072,Chennai Super Kings,0.8
1254076,Chennai Super Kings,0.8
1254080,Chennai Super Kings,0.8
1254084,Chennai Super Kings,1.0
1254104,Chennai Super Kings,0.8
1254113,Chennai Super Kings,0.8
1254098,Chennai Super Kings,0.8
1254091,Chennai Super Kings,0.8
1254089,Chennai Super Kings,0.8
1254110,Chennai Super Kings,0.8
1254094,Chennai Super Kings,0.6
1254114,Chennai Super Kings,0.4
1254117,Chennai Super Kings,0.4
1304047,Chennai Super Kings,0.4
1304053,Chennai Super Kings,0.4
1304057,Chennai Super Kings,0.4
1304063,Chennai Super Kings,0.4
1304068,Chennai Super Kings,0.2
1304075,Chennai Super Kings,0.2
1304079,Chennai Super Kings,0.2
1304084,Chennai Super Kings,0.4
1304092,Chennai Super Kings,0.4
1304095,Chennai Super Kings,0.6
1304101,Chennai Super Kings,0.4
1304105,Chennai Super Kings,0.6
1304108,Chennai Super Kings,0.4
1304114,Chennai Super Kings,0.4
1359475,Chennai Super Kings,0.2
1359480,Chennai Super Kings,0.2
1359486,Chennai Super Kings,0.2
1359491,Chennai Super Kings,0.4
1359498,Chennai Super Kings,0.4
1359503,Chennai Super Kings,0.6
1359507,Chennai Super Kings,0.8
1359511,Chennai Super Kings,0.8
1359515,Chennai Super Kings,0.6
1359519,Chennai Super Kings,0.6
1359523,Chennai Super Kings,0.4
1359529,Chennai Super Kings,0.4
1359535,Chennai Super Kings,0.4
1359541,Chennai Super Kings,0.4
1370350,Chennai Super Kings,0.6
1370353,Chennai Super Kings,0.8
1422119,Chennai Super Kings,0.8
1422125,Chennai Super Kings,0.8
1422131,Chennai Super Kings,1.0
1422136,Chennai Super Kings,0.8
1426260,Chennai Super Kings,0.6
1426267,Chennai Super Kings,0.6
1426272,Chennai Super Kings,0.6
1426277,Chennai Super Kings,0.4
1426284,Chennai Super Kings,0.4
1426287,Chennai Super Kings,0.6
1426291,Chennai Super Kings,0.4
1426297,Chennai Super Kings,0.4
1426299,Chennai Super Kings,0.4
1426306,Chennai Super Kings,0.6
335984,Delhi Capitals,0.5
335988,Delhi Capitals,1.0
335995,Delhi Capitals,1.0
335998,Delhi Capitals,0.6666666666666666
336001,Delhi Capitals,0.75
336004,Delhi Capitals,0.8
336009,Delhi Capitals,0.6
336015,Delhi Capitals,0.4
336017,Delhi Capitals,0.4
336020,Delhi Capitals,0.2
336022,Delhi Capitals,0.2
336026,Delhi Capitals,0.2
336032,Delhi Capitals,0.4
336038,Delhi Capitals,0.6
392183,Delhi Capitals,0.6
392189,Delhi Capitals,0.6
392194,Delhi Capitals,0.8
392198,Delhi Capitals,0.8
392201,Delhi Capitals,0.6
392206,Delhi Capitals,0.8
392211,Delhi Capitals,0.6
392215,Delhi Capitals,0.6
392219,Delhi Capitals,0.6
392223,Delhi Capitals,0.8
392226,Delhi Capitals,0.8
392230,Delhi Capitals,0.8
392232,Delhi Capitals,0.8
392235,Delhi Capitals,0.6
392237,Delhi Capitals,0.6
419108,Delhi Capitals,0.4
419111,Delhi Capitals,0.6
419114,Delhi Capitals,0.6
419116,Delhi Capitals,0.6
419120,Delhi Capitals,0.4
419128,Delhi Capitals,0.4
419131,Delhi Capitals,0.4
419134,Delhi Capitals,0.4
419140,Delhi Capitals,0.6
419144,Delhi Capitals,0.8
419149,Delhi Capitals,0.8
419152,Delhi Capitals,0.6
419155,Delhi Capitals,0.4
419160,Delhi Capitals,0.4
501201,Delhi Capitals,0.2
501204,Delhi Capitals,0.2
501213,Delhi Capitals,0.2
501216,Delhi Capitals,0.4
501223,Delhi Capitals,0.2
501227,Delhi Capitals,0.4
501230,Delhi Capitals,0.4
501233,Delhi Capitals,0.4
501238,Delhi Capitals,0.4
501243,Delhi Capitals,0.4
501246,Delhi Capitals,0.4
501253,Delhi Capitals,0.4
501257,Delhi Capitals,0.4
501265,Delhi Capitals,0.2
548307,Delhi Capitals,0.2
548310,Delhi Capitals,0.2
548316,Delhi Capitals,0.2
548325,Delhi Capitals,0.4
548321,Delhi Capitals,0.6
548333,Delhi Capitals,0.8
548337,Delhi Capitals,0.6
548342,Delhi Capitals,0.8
548345,Delhi Capitals,0.8
548349,Delhi Capitals,0.8
548357,Delhi Capitals,0.8
548329,Delhi Capitals,0.8
548364,Delhi Capitals,0.8
548369,Delhi Capitals,0.6
548372,Delhi Capitals,0.6
548374,Delhi Capitals,0.4
548378,Delhi Capitals,0.6
548380,Delhi Capitals,0.4
597998,Delhi Capitals,0.4
598001,Delhi Capitals,0.2
598006,Delhi Capitals,0.2
598010,Delhi Capitals,0.0
598017,Delhi Capitals,0.0
598020,Delhi Capitals,0.0
598024,Delhi Capitals,0.0
598059,Delhi Capitals,0.2
598035,Delhi Capitals,0.2
598040,Delhi Capitals,0.4
598044,Delhi Capitals,0.6
598049,Delhi Capitals,0.6
598054,Delhi Capitals,0.4
598062,Delhi Capitals,0.4
598028,Delhi Capitals,0.2
598067,Delhi Capitals,0.0
729281,Delhi Capitals,0.0
729289,Delhi Capitals,0.0
729293,Delhi Capitals,0.2
729301,Delhi Capitals,0.2
729309,Delhi Capitals,0.2
733975,Delhi Capitals,0.4
733981,Delhi Capitals,0.4
733985,Delhi Capitals,0.2
733993,Delhi Capitals,0.2
734005,Delhi Capitals,0.2
734011,Delhi Capitals,0.0
734019,Delhi Capitals,0.0
734031,Delhi Capitals,0.0
734039,Delhi Capitals,0.0
829707,Delhi Capitals,0.0
829715,Delhi Capitals,0.0
829725,Delhi Capitals,0.0
829731,Delhi Capitals,0.2
829739,Delhi Capitals,0.4
829747,Delhi Capitals,0.4
829757,Delhi Capitals,0.6
829767,Delhi Capitals,0.6
829777,Delhi Capitals,0.6
829783,Delhi Capitals,0.4
829761,Delhi Capitals,0.4
829793,Delhi Capitals,0.2
829801,Delhi Capitals,0.2
829813,Delhi Capitals,0.2
980903,Delhi Capitals,0.2
980913,Delhi Capitals,0.2
980921,Delhi Capitals,0.4
980933,Delhi Capitals,0.6
980945,Delhi Capitals,0.6
980951,Delhi Capitals,0.6
980961,Delhi Capitals,0.8
980965,Delhi Capitals,0.8
980971,Delhi Capitals,0.6
980983,Delhi Capitals,0.4
980993,Delhi Capitals,0.6
980997,Delhi Capitals,0.4
981003,Delhi Capitals,0.2
981011,Delhi Capitals,0.4
1082595,Delhi Capitals,0.4
1082599,Delhi Capitals,0.2
1082605,Delhi Capitals,0.4
1082608,Delhi Capitals,0.6
1082611,Delhi Capitals,0.4
1082614,Delhi Capitals,0.4
1082622,Delhi Capitals,0.4
1082626,Delhi Capitals,0.2
1082630,Delhi Capitals,0.0
1082632,Delhi Capitals,0.2
1082635,Delhi Capitals,0.4
1082640,Delhi Capitals,0.4
1082642,Delhi Capitals,0.6
1082646,Delhi Capitals,0.8
1136562,Delhi Capitals,0.6
1136566,Delhi Capitals,0.4
1136569,Delhi Capitals,0.4
1136573,Delhi Capitals,0.4
1136579,Delhi Capitals,0.2
1136582,Delhi Capitals,0.2
1136586,Delhi Capitals,0.2
1136590,Delhi Capitals,0.4
1136592,Delhi Capitals,0.2
1136596,Delhi Capitals,0.4
1136602,Delhi Capitals,0.4
1136605,Delhi Capitals,0.4
1136612,Delhi Capitals,0.2
1136615,Delhi Capitals,0.4
1175358,Delhi Capitals,0.4
1175360,Delhi Capitals,0.6
1175365,Delhi Capitals,0.6
1175368,Delhi Capitals,0.8
1175371,Delhi Capitals,0.6
1178395,Delhi Capitals,0.4
1178401,Delhi Capitals,0.4
1178405,Delhi Capitals,0.6
1178409,Delhi Capitals,0.6
1178412,Delhi Capitals,0.6
1178415,Delhi Capitals,0.8
1178421,Delhi Capitals,0.8
1178425,Delhi Capitals,0.8
1178428,Delhi Capitals,0.6
1181766,Delhi Capitals,0.8
1181767,Delhi Capitals,0.8
1216493,Delhi Capitals,0.6
1216539,Delhi Capitals,0.6
1216532,Delhi Capitals,0.8
1216515,Delhi Capitals,0.6
1216519,Delhi Capitals,0.6
1216500,Delhi Capitals,0.8
1216529,Delhi Capitals,0.8
1216543,Delhi Capitals,0.6
1216509,Delhi Capitals,0.8
1216546,Delhi Capitals,0.8
1216497,Delhi Capitals,0.6
1216524,Delhi Capitals,0.4
1216535,Delhi Capitals,0.4
1216505,Delhi Capitals,0.2
1237177,Delhi Capitals,0.2
1237180,Delhi Capitals,0.2
1237181,Delhi Capitals,0.4
1254059,Delhi Capitals,0.4
1254064,Delhi Capitals,0.6
1254068,Delhi Capitals,0.4
1254070,Delhi Capitals,0.6
1254077,Delhi Capitals,0.6
1254079,Delhi Capitals,0.8
1254082,Delhi Capitals,0.6
1254086,Delhi Capitals,0.8
1254105,Delhi Capitals,0.8
1254097,Delhi Capitals,0.8
1254092,Delhi Capitals,0.8
1254112,Delhi Capitals,0.8
1254110,Delhi Capitals,0.8
1254101,Delhi Capitals,0.8
1254114,Delhi Capitals,0.6
1254116,Delhi Capitals,0.4
1304048,Delhi Capitals,0.4
1304056,Delhi Capitals,0.4
1304061,Delhi Capitals,0.2
1304065,Delhi Capitals,0.2
1304073,Delhi Capitals,0.4
1304078,Delhi Capitals,0.4
1304080,Delhi Capitals,0.4
1304087,Delhi Capitals,0.4
1304091,Delhi Capitals,0.6
1304096,Delhi Capitals,0.4
1304101,Delhi Capitals,0.6
1304104,Delhi Capitals,0.4
1304110,Delhi Capitals,0.6
1304115,Delhi Capitals,0.6
1359477,Delhi Capitals,0.6
1359481,Delhi Capitals,0.4
1359485,Delhi Capitals,0.4
1359490,Delhi Capitals,0.2
1359494,Delhi Capitals,0.0
1359502,Delhi Capitals,0.0
1359508,Delhi Capitals,0.2
1359514,Delhi Capitals,0.4
1359518,Delhi Capitals,0.4
1359524,Delhi Capitals,0.6
1359529,Delhi Capitals,0.8
1359533,Delhi Capitals,0.6
1359538,Delhi Capitals,0.4
1359541,Delhi Capitals,0.6
1422120,Delhi Capitals,0.4
1422127,Delhi Capitals,0.2
1422131,Delhi Capitals,0.2
1422134,Delhi Capitals,0.4
1422138,Delhi Capitals,0.2
1426264,Delhi Capitals,0.2
1426270,Delhi Capitals,0.4
1426273,Delhi Capitals,0.6
1426278,Delhi Capitals,0.4
1426281,Delhi Capitals,0.6
1426285,Delhi Capitals,0.8
1426294,Delhi Capitals,0.6
1426300,Delhi Capitals,0.6
1426302,Delhi Capitals,0.6
980905,Gujarat Titans,0.5
980911,Gujarat Titans,1.0
980917,Gujarat Titans,1.0
980929,Gujarat Titans,1.0
980937,Gujarat Titans,0.75
980945,Gujarat Titans,0.8
980949,Gujarat Titans,0.8
980955,Gujarat Titans,0.8
980961,Gujarat Titans,0.6
980967,Gujarat Titans,0.6
980975,Gujarat Titans,0.4
980987,Gujarat Titans,0.4
981001,Gujarat Titans,0.2
981007,Gujarat Titans,0.4
981013,Gujarat Titans,0.6
981017,Gujarat Titans,0.6
1082593,Gujarat Titans,0.4
1082596,Gujarat Titans,0.4
1082603,Gujarat Titans,0.2
1082606,Gujarat Titans,0.2
1082610,Gujarat Titans,0.2
1082613,Gujarat Titans,0.2
1082616,Gujarat Titans,0.4
1082621,Gujarat Titans,0.4
1082625,Gujarat Titans,0.4
1082629,Gujarat Titans,0.4
1082632,Gujarat Titans,0.4
1082637,Gujarat Titans,0.2
1082640,Gujarat Titans,0.4
1082643,Gujarat Titans,0.2
1304050,Gujarat Titans,0.2
1304056,Gujarat Titans,0.4
1304062,Gujarat Titans,0.6
1304067,Gujarat Titans,0.6
1304070,Gujarat Titans,0.6
1304075,Gujarat Titans,0.8
1304081,Gujarat Titans,0.8
1304086,Gujarat Titans,0.8
1304089,Gujarat Titans,0.8
1304094,Gujarat Titans,1.0
1304097,Gujarat Titans,0.8
1304103,Gujarat Titans,0.6
1304108,Gujarat Titans,0.6
1304113,Gujarat Titans,0.6
1312197,Gujarat Titans,0.4
1312200,Gujarat Titans,0.6
1359475,Gujarat Titans,0.8
1359481,Gujarat Titans,0.8
1359487,Gujarat Titans,0.8
1359492,Gujarat Titans,0.8
1359497,Gujarat Titans,0.8
1359504,Gujarat Titans,0.6
1359509,Gujarat Titans,0.6
1359513,Gujarat Titans,0.6
1359518,Gujarat Titans,0.8
1359522,Gujarat Titans,0.6
1359525,Gujarat Titans,0.8
1359531,Gujarat Titans,0.8
1359536,Gujarat Titans,0.6
1359544,Gujarat Titans,0.6
1370350,Gujarat Titans,0.8
1370352,Gujarat Titans,0.6
1370353,Gujarat Titans,0.6
1422123,Gujarat Titans,0.6
1422125,Gujarat Titans,0.6
1422130,Gujarat Titans,0.4
1422135,Gujarat Titans,0.6
1422139,Gujarat Titans,0.4
1426262,Gujarat Titans,0.4
1426270,Gujarat Titans,0.4
1426275,Gujarat Titans,0.4
1426278,Gujarat Titans,0.4
1426283,Gujarat Titans,0.4
1426290,Gujarat Titans,0.4
1426297,Gujarat Titans,0.2
501200,Kochi Tuskers Kerala,0.5
501207,Kochi Tuskers Kerala,0.0
501210,Kochi Tuskers Kerala,0.0
501215,Kochi Tuskers Kerala,0.3333333333333333
501219,Kochi Tuskers Kerala,0.5
501225,Kochi Tuskers Kerala,0.6
501229,Kochi Tuskers Kerala,0.6
501233,Kochi Tuskers Kerala,0.6
501238,Kochi Tuskers Kerala,0.4
501242,Kochi Tuskers Kerala,0.4
501247,Kochi Tuskers Kerala,0.4
501254,Kochi Tuskers Kerala,0.4
501258,Kochi Tuskers Kerala,0.4
501261,Kochi Tuskers Kerala,0.6
335982,Kolkata Knight Riders,0.5
335986,Kolkata Knight Riders,1.0
335993,Kolkata Knight Riders,1.0
335997,Kolkata Knight Riders,0.6666666666666666
336000,Kolkata Knight Riders,0.5
336003,Kolkata Knight Riders,0.4
336010,Kolkata Knight Riders,0.2
336014,Kolkata Knight Riders,0.2
336017,Kolkata Knight Riders,0.4
336021,Kolkata Knight Riders,0.6
336025,Kolkata Knight Riders,0.6
336027,Kolkata Knight Riders,0.6
336035,Kolkata Knight Riders,0.4
392184,Kolkata Knight Riders,0.4
392186,Kolkata Knight Riders,0.2
392190,Kolkata Knight Riders,0.4
392197,Kolkata Knight Riders,0.4
392199,Kolkata Knight Riders,0.4
392203,Kolkata Knight Riders,0.2
392207,Kolkata Knight Riders,0.2
392211,Kolkata Knight Riders,0.0
392219,Kolkata Knight Riders,0.0
392221,Kolkata Knight Riders,0.0
392228,Kolkata Knight Riders,0.0
392231,Kolkata Knight Riders,0.0
392233,Kolkata Knight Riders,0.2
419106,Kolkata Knight Riders,0.4
419109,Kolkata Knight Riders,0.6
419113,Kolkata Knight Riders,0.8
419118,Kolkata Knight Riders,0.8
419122,Kolkata Knight Riders,0.6
419127,Kolkata Knight Riders,0.4
419131,Kolkata Knight Riders,0.4
419135,Kolkata Knight Riders,0.2
419139,Kolkata Knight Riders,0.4
419144,Kolkata Knight Riders,0.4
419148,Kolkata Knight Riders,0.6
419153,Kolkata Knight Riders,0.4
419158,Kolkata Knight Riders,0.4
419161,Kolkata Knight Riders,0.4
501198,Kolkata Knight Riders,0.6
501203,Kolkata Knight Riders,0.4
501209,Kolkata Knight Riders,0.6
501214,Kolkata Knight Riders,0.8
501219,Kolkata Knight Riders,0.8
501222,Kolkata Knight Riders,0.6
501230,Kolkata Knight Riders,0.6
501234,Kolkata Knight Riders,0.6
501239,Kolkata Knight Riders,0.6
501242,Kolkata Knight Riders,0.6
501245,Kolkata Knight Riders,0.6
501255,Kolkata Knight Riders,0.8
501262,Kolkata Knight Riders,0.6
501267,Kolkata Knight Riders,0.6
501269,Kolkata Knight Riders,0.4
548307,Kolkata Knight Riders,0.4
548312,Kolkata Knight Riders,0.2
548315,Kolkata Knight Riders,0.2
548320,Kolkata Knight Riders,0.2
548323,Kolkata Knight Riders,0.4
548328,Kolkata Knight Riders,0.4
548335,Kolkata Knight Riders,0.6
548344,Kolkata Knight Riders,0.8
548347,Kolkata Knight Riders,0.8
548353,Kolkata Knight Riders,0.8
548357,Kolkata Knight Riders,1.0
548363,Kolkata Knight Riders,1.0
548368,Kolkata Knight Riders,0.8
548370,Kolkata Knight Riders,0.6
548375,Kolkata Knight Riders,0.6
548378,Kolkata Knight Riders,0.6
548381,Kolkata Knight Riders,0.6
597998,Kolkata Knight Riders,0.8
598005,Kolkata Knight Riders,1.0
598008,Kolkata Knight Riders,0.8
598013,Kolkata Knight Riders,0.6
598016,Kolkata Knight Riders,0.6
598022,Kolkata Knight Riders,0.4
598029,Kolkata Knight Riders,0.2
598031,Kolkata Knight Riders,0.2
598034,Kolkata Knight Riders,0.4
598040,Kolkata Knight Riders,0.2
598043,Kolkata Knight Riders,0.2
598050,Kolkata Knight Riders,0.4
598053,Kolkata Knight Riders,0.4
598057,Kolkata Knight Riders,0.4
598061,Kolkata Knight Riders,0.6
598069,Kolkata Knight Riders,0.6
729279,Kolkata Knight Riders,0.4
729289,Kolkata Knight Riders,0.6
729299,Kolkata Knight Riders,0.4
729307,Kolkata Knight Riders,0.4
729315,Kolkata Knight Riders,0.4
733971,Kolkata Knight Riders,0.4
733979,Kolkata Knight Riders,0.2
733985,Kolkata Knight Riders,0.2
733997,Kolkata Knight Riders,0.2
734009,Kolkata Knight Riders,0.4
734015,Kolkata Knight Riders,0.6
734023,Kolkata Knight Riders,0.8
734027,Kolkata Knight Riders,1.0
734037,Kolkata Knight Riders,1.0
734043,Kolkata Knight Riders,1.0
734049,Kolkata Knight Riders,1.0
829705,Kolkata Knight Riders,1.0
829713,Kolkata Knight Riders,1.0
829733,Kolkata Knight Riders,0.8
829739,Kolkata Knight Riders,0.8
829743,Kolkata Knight Riders,0.8
829765,Kolkata Knight Riders,0.6
829723,Kolkata Knight Riders,0.4
829771,Kolkata Knight Riders,0.6
829781,Kolkata Knight Riders,0.4
829761,Kolkata Knight Riders,0.4
829791,Kolkata Knight Riders,0.6
829805,Kolkata Knight Riders,0.8
829811,Kolkata Knight Riders,0.6
980903,Kolkata Knight Riders,0.6
980909,Kolkata Knight Riders,0.6
980915,Kolkata Knight Riders,0.4
980925,Kolkata Knight Riders,0.4
980939,Kolkata Knight Riders,0.6
980947,Kolkata Knight Riders,0.8
980951,Kolkata Knight Riders,0.6
980959,Kolkata Knight Riders,0.6
980963,Kolkata Knight Riders,0.6
980975,Kolkata Knight Riders,0.6
980989,Kolkata Knight Riders,0.4
980995,Kolkata Knight Riders,0.6
981001,Kolkata Knight Riders,0.6
981009,Kolkata Knight Riders,0.4
981015,Kolkata Knight Riders,0.4
1082593,Kolkata Knight Riders,0.4
1082597,Kolkata Knight Riders,0.4
1082601,Kolkata Knight Riders,0.4
1082604,Kolkata Knight Riders,0.6
1082608,Kolkata Knight Riders,0.6
1082613,Kolkata Knight Riders,0.8
1082617,Kolkata Knight Riders,0.6
1082620,Kolkata Knight Riders,0.8
1082622,Kolkata Knight Riders,0.8
1082627,Kolkata Knight Riders,0.8
1082631,Kolkata Knight Riders,0.6
1082636,Kolkata Knight Riders,0.6
1082639,Kolkata Knight Riders,0.6
1082644,Kolkata Knight Riders,0.4
1082648,Kolkata Knight Riders,0.2
1082649,Kolkata Knight Riders,0.4
1136563,Kolkata Knight Riders,0.4
1136565,Kolkata Knight Riders,0.4
1136570,Kolkata Knight Riders,0.4
1136573,Kolkata Knight Riders,0.4
1136575,Kolkata Knight Riders,0.4
1136578,Kolkata Knight Riders,0.6
1136586,Kolkata Knight Riders,0.4
1136589,Kolkata Knight Riders,0.4
1136593,Kolkata Knight Riders,0.6
1136597,Kolkata Knight Riders,0.6
1136601,Kolkata Knight Riders,0.4
1136604,Kolkata Knight Riders,0.4
1136609,Kolkata Knight Riders,0.6
1136614,Kolkata Knight Riders,0.6
1136618,Kolkata Knight Riders,0.6
1136619,Kolkata Knight Riders,0.8
1175357,Kolkata Knight Riders,0.8
1175361,Kolkata Knight Riders,0.8
1175365,Kolkata Knight Riders,0.8
1175372,Kolkata Knight Riders,0.6
1178396,Kolkata Knight Riders,0.6
1178398,Kolkata Knight Riders,0.8
1178401,Kolkata Knight Riders,0.6
1178404,Kolkata Knight Riders,0.4
1178410,Kolkata Knight Riders,0.4
1178413,Kolkata Knight Riders,0.2
1178418,Kolkata Knight Riders,0.0
1178422,Kolkata Knight Riders,0.0
1178427,Kolkata Knight Riders,0.2
1178431,Kolkata Knight Riders,0.4
1216508,Kolkata Knight Riders,0.4
1216545,Kolkata Knight Riders,0.4
1216504,Kolkata Knight Riders,0.6
1216515,Kolkata Knight Riders,0.6
1216501,Kolkata Knight Riders,0.4
1216523,Kolkata Knight Riders,0.6
1216540,Kolkata Knight Riders,0.8
1216526,Kolkata Knight Riders,0.6
1216512,Kolkata Knight Riders,0.4
1216494,Kolkata Knight Riders,0.6
1216497,Kolkata Knight Riders,0.4
1216520,Kolkata Knight Riders,0.4
1216536,Kolkata Knight Riders,0.4
1216530,Kolkata Knight Riders,0.4
1254060,Kolkata Knight Riders,0.4
1254062,Kolkata Knight Riders,0.6
1254067,Kolkata Knight Riders,0.4
1254072,Kolkata Knight Riders,0.4
1254075,Kolkata Knight Riders,0.4
1254078,Kolkata Knight Riders,0.2
1254082,Kolkata Knight Riders,0.2
1254087,Kolkata Knight Riders,0.2
1254096,Kolkata Knight Riders,0.4
1254098,Kolkata Knight Riders,0.6
1254092,Kolkata Knight Riders,0.6
1254102,Kolkata Knight Riders,0.6
1254109,Kolkata Knight Riders,0.6
1254106,Kolkata Knight Riders,0.6
1254115,Kolkata Knight Riders,0.6
1254116,Kolkata Knight Riders,0.8
1254117,Kolkata Knight Riders,0.8
1304047,Kolkata Knight Riders,0.8
1304052,Kolkata Knight Riders,0.8
1304054,Kolkata Knight Riders,0.6
1304060,Kolkata Knight Riders,0.6
1304065,Kolkata Knight Riders,0.6
1304071,Kolkata Knight Riders,0.6
1304076,Kolkata Knight Riders,0.4
1304081,Kolkata Knight Riders,0.4
1304087,Kolkata Knight Riders,0.2
1304093,Kolkata Knight Riders,0.0
1304099,Kolkata Knight Riders,0.2
1304102,Kolkata Knight Riders,0.2
1304107,Kolkata Knight Riders,0.4
1304112,Kolkata Knight Riders,0.6
1359476,Kolkata Knight Riders,0.6
1359483,Kolkata Knight Riders,0.4
1359487,Kolkata Knight Riders,0.6
1359493,Kolkata Knight Riders,0.6
1359496,Kolkata Knight Riders,0.4
1359502,Kolkata Knight Riders,0.4
1359507,Kolkata Knight Riders,0.4
1359510,Kolkata Knight Riders,0.2
1359513,Kolkata Knight Riders,0.2
1359521,Kolkata Knight Riders,0.2
1359527,Kolkata Knight Riders,0.4
1359530,Kolkata Knight Riders,0.6
1359535,Kolkata Knight Riders,0.6
1359542,Kolkata Knight Riders,0.6
1422121,Kolkata Knight Riders,0.6
1422128,Kolkata Knight Riders,0.6
1422134,Kolkata Knight Riders,0.6
1426260,Kolkata Knight Riders,0.8
1426266,Kolkata Knight Riders,0.6
1426269,Kolkata Knight Riders,0.8
1426274,Kolkata Knight Riders,0.6
1426280,Kolkata Knight Riders,0.6
1426285,Kolkata Knight Riders,0.4
1426289,Kolkata Knight Riders,0.6
1426292,Kolkata Knight Riders,0.6
1426298,Kolkata Knight Riders,0.8
1426309,Kolkata Knight Riders,0.8
1426312,Kolkata Knight Riders,1.0
1304050,Lucknow Super Giants,0.5
1304053,Lucknow Super Giants,0.0
1304058,Lucknow Super Giants,0.5
1304061,Lucknow Super Giants,0.6666666666666666
1304066,Lucknow Super Giants,0.75
1304072,Lucknow Super Giants,0.6
1304077,Lucknow Super Giants,0.8
1304083,Lucknow Super Giants,0.6
1304088,Lucknow Super Giants,0.6
1304091,Lucknow Super Giants,0.6
1304099,Lucknow Super Giants,0.8
1304103,Lucknow Super Giants,0.8
1304109,Lucknow Super Giants,0.8
1304112,Lucknow Super Giants,0.6
1312198,Lucknow Super Giants,0.6
1359477,Lucknow Super Giants,0.4
1359480,Lucknow Super Giants,0.4
1359484,Lucknow Super Giants,0.4
1359489,Lucknow Super Giants,0.6
1359495,Lucknow Super Giants,0.6
1359500,Lucknow Super Giants,0.6
1359504,Lucknow Super Giants,0.6
1359512,Lucknow Super Giants,0.6
1359517,Lucknow Super Giants,0.6
1359519,Lucknow Super Giants,0.4
1359525,Lucknow Super Giants,0.4
1359532,Lucknow Super Giants,0.2
1359537,Lucknow Super Giants,0.4
1359542,Lucknow Super Giants,0.4
1370351,Lucknow Super Giants,0.6
1422122,Lucknow Super Giants,0.6
1422129,Lucknow Super Giants,0.6
1422133,Lucknow Super Giants,0.6
1422139,Lucknow Super Giants,0.6
1426264,Lucknow Super Giants,0.6
1426266,Lucknow Super Giants,0.6
1426272,Lucknow Super Giants,0.6
1426277,Lucknow Super Giants,0.6
1426282,Lucknow Super Giants,0.6
1426286,Lucknow Super Giants,0.4
1426292,Lucknow Super Giants,0.6
1426295,Lucknow Super Giants,0.6
1426302,Lucknow Super Giants,0.4
1426305,Lucknow Super Giants,0.2
335985,Mumbai Indians,0.5
335989,Mumbai Indians,0.0
335991,Mumbai Indians,0.0
335994,Mumbai Indians,0.0
335997,Mumbai Indians,0.0
336004,Mumbai Indians,0.2
336008,Mumbai Indians,0.4
336018,Mumbai Indians,0.6
336021,Mumbai Indians,0.8
336024,Mumbai Indians,1.0
336028,Mumbai Indians,1.0
336032,Mumbai Indians,0.8
336036,Mumbai Indians,0.6
336012,Mumbai Indians,0.4
392181,Mumbai Indians,0.4
392192,Mumbai Indians,0.4
392197,Mumbai Indians,0.4
392200,Mumbai Indians,0.6
392203,Mumbai Indians,0.6
392208,Mumbai Indians,0.6
392212,Mumbai Indians,0.4
392215,Mumbai Indians,0.4
392218,Mumbai Indians,0.2
392222,Mumbai Indians,0.4
392225,Mumbai Indians,0.4
392227,Mumbai Indians,0.4
392235,Mumbai Indians,0.4
419107,Mumbai Indians,0.4
419114,Mumbai Indians,0.4
419119,Mumbai Indians,0.4
419122,Mumbai Indians,0.4
419125,Mumbai Indians,0.6
419130,Mumbai Indians,0.8
419132,Mumbai Indians,0.8
419138,Mumbai Indians,0.8
419142,Mumbai Indians,1.0
419146,Mumbai Indians,0.8
419150,Mumbai Indians,0.6
419152,Mumbai Indians,0.6
419157,Mumbai Indians,0.6
419161,Mumbai Indians,0.6
419162,Mumbai Indians,0.6
419165,Mumbai Indians,0.8
501201,Mumbai Indians,0.6
501205,Mumbai Indians,0.6
501210,Mumbai Indians,0.6
501218,Mumbai Indians,0.6
501221,Mumbai Indians,0.6
501224,Mumbai Indians,0.8
501231,Mumbai Indians,0.8
501237,Mumbai Indians,0.6
501241,Mumbai Indians,0.8
501246,Mumbai Indians,0.8
501251,Mumbai Indians,0.8
501256,Mumbai Indians,0.6
501263,Mumbai Indians,0.6
501267,Mumbai Indians,0.4
501269,Mumbai Indians,0.4
501270,Mumbai Indians,0.4
548306,Mumbai Indians,0.4
548308,Mumbai Indians,0.6
548314,Mumbai Indians,0.6
548317,Mumbai Indians,0.6
548325,Mumbai Indians,0.6
548334,Mumbai Indians,0.6
548339,Mumbai Indians,0.4
548342,Mumbai Indians,0.6
548346,Mumbai Indians,0.4
548351,Mumbai Indians,0.4
548355,Mumbai Indians,0.6
548360,Mumbai Indians,0.8
548363,Mumbai Indians,0.6
548367,Mumbai Indians,0.8
548370,Mumbai Indians,0.8
548377,Mumbai Indians,0.6
548379,Mumbai Indians,0.6
597999,Mumbai Indians,0.6
598002,Mumbai Indians,0.4
598006,Mumbai Indians,0.4
598011,Mumbai Indians,0.6
598019,Mumbai Indians,0.6
598024,Mumbai Indians,0.6
598029,Mumbai Indians,0.6
598033,Mumbai Indians,0.6
598037,Mumbai Indians,0.6
598039,Mumbai Indians,0.6
598046,Mumbai Indians,0.6
598050,Mumbai Indians,0.8
598055,Mumbai Indians,0.8
598060,Mumbai Indians,0.8
598063,Mumbai Indians,0.8
598066,Mumbai Indians,1.0
598070,Mumbai Indians,0.8
598072,Mumbai Indians,0.6
598073,Mumbai Indians,0.6
729279,Mumbai Indians,0.6
729287,Mumbai Indians,0.4
729303,Mumbai Indians,0.4
729309,Mumbai Indians,0.4
729317,Mumbai Indians,0.2
733973,Mumbai Indians,0.0
733983,Mumbai Indians,0.2
733995,Mumbai Indians,0.4
734001,Mumbai Indians,0.4
734009,Mumbai Indians,0.6
734017,Mumbai Indians,0.6
734025,Mumbai Indians,0.6
734031,Mumbai Indians,0.6
734041,Mumbai Indians,0.8
734045,Mumbai Indians,0.8
829705,Mumbai Indians,0.8
829717,Mumbai Indians,0.6
829721,Mumbai Indians,0.4
829729,Mumbai Indians,0.2
829737,Mumbai Indians,0.0
829747,Mumbai Indians,0.2
829751,Mumbai Indians,0.2
829769,Mumbai Indians,0.4
829775,Mumbai Indians,0.6
829783,Mumbai Indians,0.8
829789,Mumbai Indians,0.8
829795,Mumbai Indians,1.0
829805,Mumbai Indians,0.8
829815,Mumbai Indians,0.8
829817,Mumbai Indians,0.8
829823,Mumbai Indians,0.8
980901,Mumbai Indians,0.8
980909,Mumbai Indians,0.8
980917,Mumbai Indians,0.8
980923,Mumbai Indians,0.6
980927,Mumbai Indians,0.4
980933,Mumbai Indians,0.4
980941,Mumbai Indians,0.4
980947,Mumbai Indians,0.4
980957,Mumbai Indians,0.6
980973,Mumbai Indians,0.8
980981,Mumbai Indians,0.6
980985,Mumbai Indians,0.8
980993,Mumbai Indians,0.6
981007,Mumbai Indians,0.6
1082592,Mumbai Indians,0.4
1082597,Mumbai Indians,0.4
1082600,Mumbai Indians,0.4
1082602,Mumbai Indians,0.6
1082606,Mumbai Indians,0.6
1082612,Mumbai Indians,0.8
1082614,Mumbai Indians,1.0
1082618,Mumbai Indians,1.0
1082625,Mumbai Indians,0.8
1082628,Mumbai Indians,0.8
1082635,Mumbai Indians,0.8
1082638,Mumbai Indians,0.8
1082641,Mumbai Indians,0.6
1082644,Mumbai Indians,0.6
1082647,Mumbai Indians,0.6
1082649,Mumbai Indians,0.4
1082650,Mumbai Indians,0.4
1136561,Mumbai Indians,0.6
1136567,Mumbai Indians,0.6
1136569,Mumbai Indians,0.4
1136574,Mumbai Indians,0.4
1136581,Mumbai Indians,0.4
1136583,Mumbai Indians,0.2
1136587,Mumbai Indians,0.2
1136591,Mumbai Indians,0.4
1136594,Mumbai Indians,0.4
1136597,Mumbai Indians,0.4
1136601,Mumbai Indians,0.6
1136607,Mumbai Indians,0.8
1136610,Mumbai Indians,0.6
1136615,Mumbai Indians,0.8
1175358,Mumbai Indians,0.6
1175362,Mumbai Indians,0.4
1175364,Mumbai Indians,0.4
1175370,Mumbai Indians,0.4
1178394,Mumbai Indians,0.4
1178399,Mumbai Indians,0.6
1178402,Mumbai Indians,0.8
1178406,Mumbai Indians,0.6
1178409,Mumbai Indians,0.8
1178411,Mumbai Indians,0.8
1178419,Mumbai Indians,0.6
1178422,Mumbai Indians,0.6
1178426,Mumbai Indians,0.6
1178431,Mumbai Indians,0.6
1181764,Mumbai Indians,0.6
1181768,Mumbai Indians,0.8
1216492,Mumbai Indians,0.8
1216508,Mumbai Indians,0.8
1216547,Mumbai Indians,0.8
1216503,Mumbai Indians,0.6
1216538,Mumbai Indians,0.6
1216511,Mumbai Indians,0.6
1216529,Mumbai Indians,0.8
1216526,Mumbai Indians,0.8
1216517,Mumbai Indians,1.0
1216521,Mumbai Indians,0.8
1216541,Mumbai Indians,0.8
1216499,Mumbai Indians,0.6
1216535,Mumbai Indians,0.6
1216495,Mumbai Indians,0.6
1237177,Mumbai Indians,0.6
1237181,Mumbai Indians,0.6
1254058,Mumbai Indians,0.8
1254062,Mumbai Indians,0.6
1254066,Mumbai Indians,0.6
1254070,Mumbai Indians,0.8
1254074,Mumbai Indians,0.6
1254081,Mumbai Indians,0.4
1254084,Mumbai Indians,0.6
1254104,Mumbai Indians,0.6
1254096,Mumbai Indians,0.4
1254108,Mumbai Indians,0.4
1254099,Mumbai Indians,0.4
1254112,Mumbai Indians,0.4
1254093,Mumbai Indians,0.2
1254088,Mumbai Indians,0.4
1304048,Mumbai Indians,0.6
1304055,Mumbai Indians,0.6
1304060,Mumbai Indians,0.4
1304064,Mumbai Indians,0.4
1304069,Mumbai Indians,0.2
1304072,Mumbai Indians,0.0
1304079,Mumbai Indians,0.0
1304083,Mumbai Indians,0.0
1304090,Mumbai Indians,0.0
1304097,Mumbai Indians,0.2
1304102,Mumbai Indians,0.4
1304105,Mumbai Indians,0.4
1304111,Mumbai Indians,0.6
1304115,Mumbai Indians,0.6
1359479,Mumbai Indians,0.6
1359486,Mumbai Indians,0.4
1359490,Mumbai Indians,0.4
1359496,Mumbai Indians,0.4
1359499,Mumbai Indians,0.6
1359505,Mumbai Indians,0.6
1359509,Mumbai Indians,0.6
1359516,Mumbai Indians,0.6
1359520,Mumbai Indians,0.6
1359523,Mumbai Indians,0.6
1359528,Mumbai Indians,0.4
1359531,Mumbai Indians,0.6
1359537,Mumbai Indians,0.8
1359543,Mumbai Indians,0.6
1370351,Mumbai Indians,0.6
1370352,Mumbai Indians,0.8
1422123,Mumbai Indians,0.6
1422126,Mumbai Indians,0.4
1422132,Mumbai Indians,0.4
1422138,Mumbai Indians,0.2
1426263,Mumbai Indians,0.2
1426267,Mumbai Indians,0.4
1426271,Mumbai Indians,0.4
1426276,Mumbai Indians,0.6
1426281,Mumbai Indians,0.6
1426286,Mumbai Indians,0.4
1426289,Mumbai Indians,0.2
1426293,Mumbai Indians,0.2
1426298,Mumbai Indians,0.2
1426305,Mumbai Indians,0.2
501202,Pune Warriors,0.5
501207,Pune Warriors,1.0
501213,Pune Warriors,1.0
501218,Pune Warriors,0.6666666666666666
501226,Pune Warriors,0.5
501228,Pune Warriors,0.4
501232,Pune Warriors,0.2
501235,Pune Warriors,0.0
501241,Pune Warriors,0.0
501248,Pune Warriors,0.0
501250,Pune Warriors,0.2
501259,Pune Warriors,0.4
501262,Pune Warriors,0.4
501265,Pune Warriors,0.4
548308,Pune Warriors,0.4
548313,Pune Warriors,0.4
548319,Pune Warriors,0.4
548322,Pune Warriors,0.4
548327,Pune Warriors,0.6
548330,Pune Warriors,0.6
548333,Pune Warriors,0.4
548337,Pune Warriors,0.4
548341,Pune Warriors,0.4
548348,Pune Warriors,0.2
548351,Pune Warriors,0.2
548353,Pune Warriors,0.2
548358,Pune Warriors,0.0
548362,Pune Warriors,0.0
548365,Pune Warriors,0.0
548375,Pune Warriors,0.0
598000,Pune Warriors,0.0
598003,Pune Warriors,0.0
598009,Pune Warriors,0.0
598011,Pune Warriors,0.2
598015,Pune Warriors,0.2
598018,Pune Warriors,0.4
598025,Pune Warriors,0.4
598027,Pune Warriors,0.4
598035,Pune Warriors,0.2
598038,Pune Warriors,0.2
598042,Pune Warriors,0.0
598047,Pune Warriors,0.0
598053,Pune Warriors,0.0
598055,Pune Warriors,0.0
598061,Pune Warriors,0.0
598067,Pune Warriors,0.2
335983,Punjab Kings,0.5
335987,Punjab Kings,0.0
335991,Punjab Kings,0.0
335995,Punjab Kings,0.3333333333333333
335999,Punjab Kings,0.5
336003,Punjab Kings,0.6
336006,Punjab Kings,0.8
336013,Punjab Kings,1.0
336016,Punjab Kings,0.8
336022,Punjab Kings,0.8
336028,Punjab Kings,0.8
336031,Punjab Kings,0.8
336035,Punjab Kings,0.8
336019,Punjab Kings,0.8
336039,Punjab Kings,0.8
392183,Punjab Kings,0.6
392186,Punjab Kings,0.4
392191,Punjab Kings,0.2
392195,Punjab Kings,0.4
392200,Punjab Kings,0.4
392204,Punjab Kings,0.6
392207,Punjab Kings,0.6
392210,Punjab Kings,0.8
392214,Punjab Kings,0.6
392216,Punjab Kings,0.4
392222,Punjab Kings,0.4
392226,Punjab Kings,0.4
392229,Punjab Kings,0.4
392234,Punjab Kings,0.6
419108,Punjab Kings,0.6
419112,Punjab Kings,0.4
419117,Punjab Kings,0.4
419121,Punjab Kings,0.2
419124,Punjab Kings,0.2
419127,Punjab Kings,0.2
419132,Punjab Kings,0.2
419136,Punjab Kings,0.2
419139,Punjab Kings,0.2
419143,Punjab Kings,0.2
419146,Punjab Kings,0.2
419149,Punjab Kings,0.4
419156,Punjab Kings,0.6
419159,Punjab Kings,0.6
501202,Punjab Kings,0.4
501206,Punjab Kings,0.4
501212,Punjab Kings,0.4
501220,Punjab Kings,0.4
501223,Punjab Kings,0.6
501234,Punjab Kings,0.6
501237,Punjab Kings,0.6
501244,Punjab Kings,0.4
501248,Punjab Kings,0.2
501251,Punjab Kings,0.0
501254,Punjab Kings,0.2
501257,Punjab Kings,0.4
501260,Punjab Kings,0.6
501264,Punjab Kings,0.8
548309,Punjab Kings,0.8
548313,Punjab Kings,0.6
548319,Punjab Kings,0.4
548323,Punjab Kings,0.4
548328,Punjab Kings,0.4
548331,Punjab Kings,0.4
548334,Punjab Kings,0.4
548339,Punjab Kings,0.6
548343,Punjab Kings,0.4
548350,Punjab Kings,0.4
548354,Punjab Kings,0.6
548359,Punjab Kings,0.6
548366,Punjab Kings,0.6
548369,Punjab Kings,0.8
548371,Punjab Kings,0.6
548374,Punjab Kings,0.6
598003,Punjab Kings,0.6
598007,Punjab Kings,0.6
598014,Punjab Kings,0.4
598016,Punjab Kings,0.4
598021,Punjab Kings,0.4
598025,Punjab Kings,0.4
598059,Punjab Kings,0.4
598031,Punjab Kings,0.6
598037,Punjab Kings,0.6
598041,Punjab Kings,0.4
598064,Punjab Kings,0.4
598052,Punjab Kings,0.4
598056,Punjab Kings,0.2
598045,Punjab Kings,0.2
598028,Punjab Kings,0.4
598066,Punjab Kings,0.6
729283,Punjab Kings,0.6
729291,Punjab Kings,0.8
729295,Punjab Kings,1.0
729307,Punjab Kings,1.0
729313,Punjab Kings,1.0
733973,Punjab Kings,1.0
733987,Punjab Kings,0.8
733991,Punjab Kings,0.8
733997,Punjab Kings,0.8
734007,Punjab Kings,0.6
734019,Punjab Kings,0.6
734025,Punjab Kings,0.8
734033,Punjab Kings,0.6
734039,Punjab Kings,0.6
734043,Punjab Kings,0.8
734047,Punjab Kings,0.6
734049,Punjab Kings,0.6
829709,Punjab Kings,0.6
829717,Punjab Kings,0.4
829725,Punjab Kings,0.4
829733,Punjab Kings,0.4
829741,Punjab Kings,0.2
829753,Punjab Kings,0.4
829759,Punjab Kings,0.4
829767,Punjab Kings,0.2
829775,Punjab Kings,0.2
829785,Punjab Kings,0.2
829791,Punjab Kings,0.0
829799,Punjab Kings,0.0
829803,Punjab Kings,0.0
829809,Punjab Kings,0.2
980905,Punjab Kings,0.2
980913,Punjab Kings,0.2
980919,Punjab Kings,0.2
980925,Punjab Kings,0.4
980935,Punjab Kings,0.2
980941,Punjab Kings,0.2
980955,Punjab Kings,0.2
980963,Punjab Kings,0.4
980971,Punjab Kings,0.2
980977,Punjab Kings,0.4
980985,Punjab Kings,0.4
980991,Punjab Kings,0.6
980999,Punjab Kings,0.4
981005,Punjab Kings,0.4
1082594,Punjab Kings,0.2
1082598,Punjab Kings,0.4
1082601,Punjab Kings,0.4
1082605,Punjab Kings,0.4
1082609,Punjab Kings,0.4
1082612,Punjab Kings,0.4
1082616,Punjab Kings,0.2
1082623,Punjab Kings,0.2
1082626,Punjab Kings,0.2
1082633,Punjab Kings,0.4
1082637,Punjab Kings,0.6
1082639,Punjab Kings,0.6
1082641,Punjab Kings,0.6
1082645,Punjab Kings,0.8
1136562,Punjab Kings,0.6
1136568,Punjab Kings,0.6
1136572,Punjab Kings,0.6
1136576,Punjab Kings,0.6
1136578,Punjab Kings,0.6
1136582,Punjab Kings,0.8
1136585,Punjab Kings,0.8
1136594,Punjab Kings,0.8
1136598,Punjab Kings,0.6
1136600,Punjab Kings,0.6
1136604,Punjab Kings,0.4
1136608,Punjab Kings,0.2
1136610,Punjab Kings,0.2
1136616,Punjab Kings,0.2
1175359,Punjab Kings,0.0
1175361,Punjab Kings,0.2
1175364,Punjab Kings,0.2
1175368,Punjab Kings,0.4
1178393,Punjab Kings,0.6
1178397,Punjab Kings,0.6
1178399,Punjab Kings,0.6
1178403,Punjab Kings,0.6
1178407,Punjab Kings,0.4
1178412,Punjab Kings,0.4
1178417,Punjab Kings,0.4
1178423,Punjab Kings,0.2
1178427,Punjab Kings,0.2
1178430,Punjab Kings,0.2
1216493,Punjab Kings,0.2
1216510,Punjab Kings,0.2
1216527,Punjab Kings,0.4
1216503,Punjab Kings,0.4
1216513,Punjab Kings,0.4
1216542,Punjab Kings,0.2
1216523,Punjab Kings,0.2
1216531,Punjab Kings,0.0
1216517,Punjab Kings,0.2
1216546,Punjab Kings,0.4
1216498,Punjab Kings,0.6
1216520,Punjab Kings,0.8
1216537,Punjab Kings,1.0
1216506,Punjab Kings,0.8
1254061,Punjab Kings,0.6
1254065,Punjab Kings,0.6
1254068,Punjab Kings,0.4
1254071,Punjab Kings,0.2
1254074,Punjab Kings,0.2
1254078,Punjab Kings,0.4
1254083,Punjab Kings,0.2
1254086,Punjab Kings,0.4
1254111,Punjab Kings,0.4
1254107,Punjab Kings,0.4
1254099,Punjab Kings,0.4
1254102,Punjab Kings,0.4
1254090,Punjab Kings,0.4
1254094,Punjab Kings,0.4
1304049,Punjab Kings,0.6
1304054,Punjab Kings,0.6
1304057,Punjab Kings,0.6
1304062,Punjab Kings,0.6
1304069,Punjab Kings,0.6
1304074,Punjab Kings,0.6
1304078,Punjab Kings,0.4
1304084,Punjab Kings,0.4
1304088,Punjab Kings,0.4
1304094,Punjab Kings,0.4
1304098,Punjab Kings,0.4
1304106,Punjab Kings,0.4
1304110,Punjab Kings,0.6
1304116,Punjab Kings,0.4
1359476,Punjab Kings,0.6
1359482,Punjab Kings,0.6
1359488,Punjab Kings,0.8
1359492,Punjab Kings,0.6
1359495,Punjab Kings,0.6
1359501,Punjab Kings,0.6
1359505,Punjab Kings,0.4
1359512,Punjab Kings,0.4
1359515,Punjab Kings,0.4
1359520,Punjab Kings,0.6
1359527,Punjab Kings,0.4
1359533,Punjab Kings,0.4
1359538,Punjab Kings,0.4
1359540,Punjab Kings,0.4
1422120,Punjab Kings,0.2
1422124,Punjab Kings,0.4
1422129,Punjab Kings,0.4
1422135,Punjab Kings,0.2
1426261,Punjab Kings,0.4
1426265,Punjab Kings,0.4
1426271,Punjab Kings,0.2
1426275,Punjab Kings,0.2
1426280,Punjab Kings,0.2
1426287,Punjab Kings,0.2
1426291,Punjab Kings,0.4
1426296,Punjab Kings,0.4
1426303,Punjab Kings,0.4
1426307,Punjab Kings,0.6
335984,Rajasthan Royals,0.5
335987,Rajasthan Royals,0.0
335990,Rajasthan Royals,0.5
335992,Rajasthan Royals,0.6666666666666666
336000,Rajasthan Royals,0.75
336005,Rajasthan Royals,0.8
336008,Rajasthan Royals,1.0
336011,Rajasthan Royals,0.8
336015,Rajasthan Royals,0.8
336023,Rajasthan Royals,0.8
336027,Rajasthan Royals,0.8
336033,Rajasthan Royals,0.8
336036,Rajasthan Royals,1.0
336019,Rajasthan Royals,1.0
336038,Rajasthan Royals,0.8
336040,Rajasthan Royals,0.8
392182,Rajasthan Royals,0.8
392190,Rajasthan Royals,0.6
392195,Rajasthan Royals,0.6
392198,Rajasthan Royals,0.6
392202,Rajasthan Royals,0.6
392205,Rajasthan Royals,0.4
392210,Rajasthan Royals,0.6
392213,Rajasthan Royals,0.6
392217,Rajasthan Royals,0.8
392220,Rajasthan Royals,0.6
392225,Rajasthan Royals,0.6
392230,Rajasthan Royals,0.6
392233,Rajasthan Royals,0.4
419107,Rajasthan Royals,0.2
419111,Rajasthan Royals,0.2
419115,Rajasthan Royals,0.2
419118,Rajasthan Royals,0.0
419124,Rajasthan Royals,0.2
419126,Rajasthan Royals,0.4
419129,Rajasthan Royals,0.6
419134,Rajasthan Royals,0.8
419137,Rajasthan Royals,0.8
419141,Rajasthan Royals,0.6
419143,Rajasthan Royals,0.6
419150,Rajasthan Royals,0.6
419154,Rajasthan Royals,0.4
419158,Rajasthan Royals,0.4
501199,Rajasthan Royals,0.4
501204,Rajasthan Royals,0.4
501209,Rajasthan Royals,0.4
501214,Rajasthan Royals,0.4
501220,Rajasthan Royals,0.4
501225,Rajasthan Royals,0.4
501231,Rajasthan Royals,0.4
501235,Rajasthan Royals,0.4
501240,Rajasthan Royals,0.6
501249,Rajasthan Royals,0.6
501252,Rajasthan Royals,0.6
501258,Rajasthan Royals,0.4
501263,Rajasthan Royals,0.2
548309,Rajasthan Royals,0.2
548312,Rajasthan Royals,0.4
548317,Rajasthan Royals,0.6
548320,Rajasthan Royals,0.6
548324,Rajasthan Royals,0.6
548326,Rajasthan Royals,0.6
548332,Rajasthan Royals,0.6
548336,Rajasthan Royals,0.4
548345,Rajasthan Royals,0.4
548349,Rajasthan Royals,0.4
548354,Rajasthan Royals,0.2
548358,Rajasthan Royals,0.2
548361,Rajasthan Royals,0.4
548365,Rajasthan Royals,0.4
548373,Rajasthan Royals,0.6
548377,Rajasthan Royals,0.6
598001,Rajasthan Royals,0.4
598005,Rajasthan Royals,0.4
598009,Rajasthan Royals,0.6
598014,Rajasthan Royals,0.4
598019,Rajasthan Royals,0.6
598023,Rajasthan Royals,0.8
598026,Rajasthan Royals,0.6
598032,Rajasthan Royals,0.4
598036,Rajasthan Royals,0.6
598043,Rajasthan Royals,0.6
598047,Rajasthan Royals,0.4
598049,Rajasthan Royals,0.6
598052,Rajasthan Royals,0.8
598058,Rajasthan Royals,0.8
598063,Rajasthan Royals,0.8
598065,Rajasthan Royals,0.8
598071,Rajasthan Royals,0.6
598072,Rajasthan Royals,0.6
729285,Rajasthan Royals,0.4
729291,Rajasthan Royals,0.4
729297,Rajasthan Royals,0.4
729305,Rajasthan Royals,0.4
729315,Rajasthan Royals,0.4
733975,Rajasthan Royals,0.6
733979,Rajasthan Royals,0.6
733989,Rajasthan Royals,0.8
733999,Rajasthan Royals,0.8
734003,Rajasthan Royals,0.8
734011,Rajasthan Royals,0.6
734017,Rajasthan Royals,0.6
734033,Rajasthan Royals,0.4
734041,Rajasthan Royals,0.4
829709,Rajasthan Royals,0.2
829715,Rajasthan Royals,0.4
829721,Rajasthan Royals,0.4
829727,Rajasthan Royals,0.6
829735,Rajasthan Royals,0.8
829741,Rajasthan Royals,1.0
829749,Rajasthan Royals,0.8
829763,Rajasthan Royals,0.6
829769,Rajasthan Royals,0.4
829777,Rajasthan Royals,0.2
829787,Rajasthan Royals,0.2
829797,Rajasthan Royals,0.2
829811,Rajasthan Royals,0.2
829819,Rajasthan Royals,0.4
1136564,Rajasthan Royals,0.4
1136566,Rajasthan Royals,0.2
1136571,Rajasthan Royals,0.4
1136575,Rajasthan Royals,0.6
1136577,Rajasthan Royals,0.4
1136581,Rajasthan Royals,0.4
1136588,Rajasthan Royals,0.6
1136592,Rajasthan Royals,0.4
1136598,Rajasthan Royals,0.2
1136600,Rajasthan Royals,0.2
1136603,Rajasthan Royals,0.4
1136607,Rajasthan Royals,0.4
1136609,Rajasthan Royals,0.6
1136613,Rajasthan Royals,0.6
1136618,Rajasthan Royals,0.8
1175359,Rajasthan Royals,0.6
1175363,Rajasthan Royals,0.4
1175367,Rajasthan Royals,0.2
1175369,Rajasthan Royals,0.2
1178396,Rajasthan Royals,0.2
1178400,Rajasthan Royals,0.2
1178402,Rajasthan Royals,0.2
1178407,Rajasthan Royals,0.4
1178411,Rajasthan Royals,0.4
1178415,Rajasthan Royals,0.4
1178418,Rajasthan Royals,0.4
1178420,Rajasthan Royals,0.6
1178424,Rajasthan Royals,0.6
1178428,Rajasthan Royals,0.6
1216496,Rajasthan Royals,0.4
1216527,Rajasthan Royals,0.6
1216504,Rajasthan Royals,0.6
1216514,Rajasthan Royals,0.4
1216511,Rajasthan Royals,0.4
1216500,Rajasthan Royals,0.4
1216507,Rajasthan Royals,0.2
1216543,Rajasthan Royals,0.2
1216522,Rajasthan Royals,0.2
1216533,Rajasthan Royals,0.2
1216518,Rajasthan Royals,0.4
1216541,Rajasthan Royals,0.4
1216537,Rajasthan Royals,0.4
1216530,Rajasthan Royals,0.6
1254061,Rajasthan Royals,0.6
1254064,Rajasthan Royals,0.4
1254069,Rajasthan Royals,0.6
1254073,Rajasthan Royals,0.4
1254075,Rajasthan Royals,0.2
1254081,Rajasthan Royals,0.4
1254085,Rajasthan Royals,0.4
1254111,Rajasthan Royals,0.4
1254097,Rajasthan Royals,0.6
1254100,Rajasthan Royals,0.6
1254103,Rajasthan Royals,0.4
1254089,Rajasthan Royals,0.4
1254093,Rajasthan Royals,0.4
1254106,Rajasthan Royals,0.2
1304051,Rajasthan Royals,0.2
1304055,Rajasthan Royals,0.4
1304059,Rajasthan Royals,0.6
1304066,Rajasthan Royals,0.4
1304070,Rajasthan Royals,0.6
1304076,Rajasthan Royals,0.6
1304080,Rajasthan Royals,0.6
1304085,Rajasthan Royals,0.6
1304090,Rajasthan Royals,0.8
1304093,Rajasthan Royals,0.6
1304098,Rajasthan Royals,0.6
1304104,Rajasthan Royals,0.6
1304109,Rajasthan Royals,0.4
1304114,Rajasthan Royals,0.4
1312197,Rajasthan Royals,0.6
1312199,Rajasthan Royals,0.6
1312200,Rajasthan Royals,0.6
1359478,Rajasthan Royals,0.6
1359482,Rajasthan Royals,0.6
1359485,Rajasthan Royals,0.4
1359491,Rajasthan Royals,0.6
1359497,Rajasthan Royals,0.6
1359500,Rajasthan Royals,0.8
1359506,Rajasthan Royals,0.6
1359511,Rajasthan Royals,0.6
1359516,Rajasthan Royals,0.6
1359522,Rajasthan Royals,0.4
1359526,Rajasthan Royals,0.2
1359530,Rajasthan Royals,0.2
1359534,Rajasthan Royals,0.4
1359540,Rajasthan Royals,0.2
1422122,Rajasthan Royals,0.4
1422127,Rajasthan Royals,0.6
1422132,Rajasthan Royals,0.8
1422137,Rajasthan Royals,0.8
1426262,Rajasthan Royals,1.0
1426265,Rajasthan Royals,0.8
1426269,Rajasthan Royals,0.8
1426276,Rajasthan Royals,0.8
1426282,Rajasthan Royals,0.8
1426288,Rajasthan Royals,0.8
1426294,Rajasthan Royals,0.8
1426299,Rajasthan Royals,0.6
1426303,Rajasthan Royals,0.4
1426310,Rajasthan Royals,0.2
1426311,Rajasthan Royals,0.2
980901,Rising Pune Supergiant,0.5
980911,Rising Pune Supergiant,1.0
980919,Rising Pune Supergiant,0.5
980931,Rising Pune Supergiant,0.3333333333333333
980939,Rising Pune Supergiant,0.25
980943,Rising Pune Supergiant,0.2
980949,Rising Pune Supergiant,0.2
980957,Rising Pune Supergiant,0.2
980965,Rising Pune Supergiant,0.2
980969,Rising Pune Supergiant,0.4
980979,Rising Pune Supergiant,0.4
980989,Rising Pune Supergiant,0.2
980997,Rising Pune Supergiant,0.2
981005,Rising Pune Supergiant,0.4
1082592,Rising Pune Supergiant,0.4
1082594,Rising Pune Supergiant,0.6
1082599,Rising Pune Supergiant,0.6
1082603,Rising Pune Supergiant,0.6
1082607,Rising Pune Supergiant,0.4
1082615,Rising Pune Supergiant,0.4
1082618,Rising Pune Supergiant,0.4
1082620,Rising Pune Supergiant,0.6
1082624,Rising Pune Supergiant,0.6
1082629,Rising Pune Supergiant,0.8
1082631,Rising Pune Supergiant,0.8
1082634,Rising Pune Supergiant,0.8
1082642,Rising Pune Supergiant,0.8
1082645,Rising Pune Supergiant,0.8
1082647,Rising Pune Supergiant,0.8
1082650,Rising Pune Supergiant,0.8
335982,Royal Challengers Bengaluru,0.5
335985,Royal Challengers Bengaluru,0.0
335992,Royal Challengers Bengaluru,0.5
335996,Royal Challengers Bengaluru,0.3333333333333333
335998,Royal Challengers Bengaluru,0.25
336034,Royal Challengers Bengaluru,0.2
336006,Royal Challengers Bengaluru,0.4
336010,Royal Challengers Bengaluru,0.2
336016,Royal Challengers Bengaluru,0.2
336023,Royal Challengers Bengaluru,0.2
336026,Royal Challengers Bengaluru,0.2
336029,Royal Challengers Bengaluru,0.0
336002,Royal Challengers Bengaluru,0.2
336012,Royal Challengers Bengaluru,0.4
392182,Royal Challengers Bengaluru,0.4
392185,Royal Challengers Bengaluru,0.6
392188,Royal Challengers Bengaluru,0.6
392191,Royal Challengers Bengaluru,0.4
392194,Royal Challengers Bengaluru,0.2
392199,Royal Challengers Bengaluru,0.2
392204,Royal Challengers Bengaluru,0.2
392208,Royal Challengers Bengaluru,0.4
392213,Royal Challengers Bengaluru,0.6
392218,Royal Challengers Bengaluru,0.6
392221,Royal Challengers Bengaluru,0.6
392224,Royal Challengers Bengaluru,0.6
392232,Royal Challengers Bengaluru,0.6
392236,Royal Challengers Bengaluru,0.6
392238,Royal Challengers Bengaluru,0.8
392239,Royal Challengers Bengaluru,1.0
419109,Royal Challengers Bengaluru,0.8
419112,Royal Challengers Bengaluru,0.6
419115,Royal Challengers Bengaluru,0.6
419119,Royal Challengers Bengaluru,0.6
419123,Royal Challengers Bengaluru,0.6
419128,Royal Challengers Bengaluru,0.8
419133,Royal Challengers Bengaluru,0.8
419136,Royal Challengers Bengaluru,0.6
419140,Royal Challengers Bengaluru,0.6
419145,Royal Challengers Bengaluru,0.4
419148,Royal Challengers Bengaluru,0.2
419151,Royal Challengers Bengaluru,0.4
419154,Royal Challengers Bengaluru,0.4
419157,Royal Challengers Bengaluru,0.4
419162,Royal Challengers Bengaluru,0.4
419164,Royal Challengers Bengaluru,0.4
501200,Royal Challengers Bengaluru,0.4
501205,Royal Challengers Bengaluru,0.6
501208,Royal Challengers Bengaluru,0.4
501211,Royal Challengers Bengaluru,0.4
501222,Royal Challengers Bengaluru,0.4
501227,Royal Challengers Bengaluru,0.4
501232,Royal Challengers Bengaluru,0.4
501244,Royal Challengers Bengaluru,0.6
501247,Royal Challengers Bengaluru,0.8
501252,Royal Challengers Bengaluru,1.0
501255,Royal Challengers Bengaluru,1.0
501260,Royal Challengers Bengaluru,1.0
501266,Royal Challengers Bengaluru,0.8
501268,Royal Challengers Bengaluru,0.8
501270,Royal Challengers Bengaluru,0.6
501271,Royal Challengers Bengaluru,0.6
548310,Royal Challengers Bengaluru,0.4
548315,Royal Challengers Bengaluru,0.6
548318,Royal Challengers Bengaluru,0.4
548324,Royal Challengers Bengaluru,0.4
548327,Royal Challengers Bengaluru,0.2
548331,Royal Challengers Bengaluru,0.4
548336,Royal Challengers Bengaluru,0.4
548344,Royal Challengers Bengaluru,0.6
548350,Royal Challengers Bengaluru,0.6
548356,Royal Challengers Bengaluru,0.6
548360,Royal Challengers Bengaluru,0.6
548362,Royal Challengers Bengaluru,0.6
548367,Royal Challengers Bengaluru,0.6
548372,Royal Challengers Bengaluru,0.6
548376,Royal Challengers Bengaluru,0.8
597999,Royal Challengers Bengaluru,0.6
598004,Royal Challengers Bengaluru,0.6
598048,Royal Challengers Bengaluru,0.4
598008,Royal Challengers Bengaluru,0.6
598012,Royal Challengers Bengaluru,0.6
598017,Royal Challengers Bengaluru,0.6
598023,Royal Challengers Bengaluru,0.6
598027,Royal Challengers Bengaluru,0.8
598033,Royal Challengers Bengaluru,0.8
598036,Royal Challengers Bengaluru,0.6
598042,Royal Challengers Bengaluru,0.6
598064,Royal Challengers Bengaluru,0.6
598054,Royal Challengers Bengaluru,0.4
598057,Royal Challengers Bengaluru,0.4
598045,Royal Challengers Bengaluru,0.4
598068,Royal Challengers Bengaluru,0.4
729281,Royal Challengers Bengaluru,0.4
729287,Royal Challengers Bengaluru,0.6
729299,Royal Challengers Bengaluru,0.6
729305,Royal Challengers Bengaluru,0.6
729313,Royal Challengers Bengaluru,0.6
733977,Royal Challengers Bengaluru,0.4
733983,Royal Challengers Bengaluru,0.4
733991,Royal Challengers Bengaluru,0.2
733999,Royal Challengers Bengaluru,0.2
734005,Royal Challengers Bengaluru,0.2
734013,Royal Challengers Bengaluru,0.4
734021,Royal Challengers Bengaluru,0.4
734027,Royal Challengers Bengaluru,0.4
734035,Royal Challengers Bengaluru,0.4
829713,Royal Challengers Bengaluru,0.4
829719,Royal Challengers Bengaluru,0.4
829737,Royal Challengers Bengaluru,0.2
829745,Royal Challengers Bengaluru,0.2
829749,Royal Challengers Bengaluru,0.2
829757,Royal Challengers Bengaluru,0.4
829763,Royal Challengers Bengaluru,0.4
829771,Royal Challengers Bengaluru,0.4
829779,Royal Challengers Bengaluru,0.6
829785,Royal Challengers Bengaluru,0.6
829795,Royal Challengers Bengaluru,0.6
829803,Royal Challengers Bengaluru,0.6
829807,Royal Challengers Bengaluru,0.6
829813,Royal Challengers Bengaluru,0.6
829819,Royal Challengers Bengaluru,0.6
829821,Royal Challengers Bengaluru,0.6
980907,Royal Challengers Bengaluru,0.4
980921,Royal Challengers Bengaluru,0.6
980927,Royal Challengers Bengaluru,0.4
980931,Royal Challengers Bengaluru,0.4
980937,Royal Challengers Bengaluru,0.4
980953,Royal Challengers Bengaluru,0.4
980959,Royal Challengers Bengaluru,0.2
980969,Royal Challengers Bengaluru,0.2
980977,Royal Challengers Bengaluru,0.4
980981,Royal Challengers Bengaluru,0.4
980987,Royal Challengers Bengaluru,0.4
980995,Royal Challengers Bengaluru,0.6
980999,Royal Challengers Bengaluru,0.8
981011,Royal Challengers Bengaluru,0.8
981013,Royal Challengers Bengaluru,0.8
981019,Royal Challengers Bengaluru,1.0
1082591,Royal Challengers Bengaluru,0.8
1082595,Royal Challengers Bengaluru,0.6
1082598,Royal Challengers Bengaluru,0.6
1082602,Royal Challengers Bengaluru,0.4
1082607,Royal Challengers Bengaluru,0.2
1082610,Royal Challengers Bengaluru,0.2
1082617,Royal Challengers Bengaluru,0.4
1082621,Royal Challengers Bengaluru,0.2
1082624,Royal Challengers Bengaluru,0.2
1082628,Royal Challengers Bengaluru,0.2
1082633,Royal Challengers Bengaluru,0.2
1082636,Royal Challengers Bengaluru,0.0
1082646,Royal Challengers Bengaluru,0.0
1136563,Royal Challengers Bengaluru,0.2
1136568,Royal Challengers Bengaluru,0.2
1136571,Royal Challengers Bengaluru,0.4
1136574,Royal Challengers Bengaluru,0.4
1136579,Royal Challengers Bengaluru,0.4
1136584,Royal Challengers Bengaluru,0.4
1136589,Royal Challengers Bengaluru,0.4
1136591,Royal Challengers Bengaluru,0.2
1136595,Royal Challengers Bengaluru,0.4
1136599,Royal Challengers Bengaluru,0.4
1136605,Royal Challengers Bengaluru,0.2
1136608,Royal Challengers Bengaluru,0.4
1136611,Royal Challengers Bengaluru,0.6
1136613,Royal Challengers Bengaluru,0.6
1175356,Royal Challengers Bengaluru,0.6
1175362,Royal Challengers Bengaluru,0.6
1175366,Royal Challengers Bengaluru,0.4
1175369,Royal Challengers Bengaluru,0.2
1175372,Royal Challengers Bengaluru,0.0
1178395,Royal Challengers Bengaluru,0.0
1178403,Royal Challengers Bengaluru,0.0
1178406,Royal Challengers Bengaluru,0.2
1178410,Royal Challengers Bengaluru,0.2
1178414,Royal Challengers Bengaluru,0.4
1178417,Royal Challengers Bengaluru,0.6
1178421,Royal Challengers Bengaluru,0.8
1178424,Royal Challengers Bengaluru,0.6
1178429,Royal Challengers Bengaluru,0.6
1216534,Royal Challengers Bengaluru,0.6
1216510,Royal Challengers Bengaluru,0.6
1216547,Royal Challengers Bengaluru,0.4
1216514,Royal Challengers Bengaluru,0.6
1216519,Royal Challengers Bengaluru,0.8
1216525,Royal Challengers Bengaluru,0.6
1216540,Royal Challengers Bengaluru,0.6
1216531,Royal Challengers Bengaluru,0.8
1216522,Royal Challengers Bengaluru,0.6
1216494,Royal Challengers Bengaluru,0.6
1216544,Royal Challengers Bengaluru,0.8
1216499,Royal Challengers Bengaluru,0.6
1216502,Royal Challengers Bengaluru,0.4
1216505,Royal Challengers Bengaluru,0.4
1237178,Royal Challengers Bengaluru,0.2
1254058,Royal Challengers Bengaluru,0.0
1254063,Royal Challengers Bengaluru,0.2
1254067,Royal Challengers Bengaluru,0.4
1254073,Royal Challengers Bengaluru,0.6
1254076,Royal Challengers Bengaluru,0.8
1254079,Royal Challengers Bengaluru,0.8
1254083,Royal Challengers Bengaluru,0.8
1254087,Royal Challengers Bengaluru,0.6
1254113,Royal Challengers Bengaluru,0.4
1254108,Royal Challengers Bengaluru,0.2
1254103,Royal Challengers Bengaluru,0.4
1254090,Royal Challengers Bengaluru,0.4
1254095,Royal Challengers Bengaluru,0.6
1254101,Royal Challengers Bengaluru,0.6
1254115,Royal Challengers Bengaluru,0.8
1304049,Royal Challengers Bengaluru,0.6
1304052,Royal Challengers Bengaluru,0.4
1304059,Royal Challengers Bengaluru,0.4
1304064,Royal Challengers Bengaluru,0.6
1304068,Royal Challengers Bengaluru,0.6
1304073,Royal Challengers Bengaluru,0.6
1304077,Royal Challengers Bengaluru,0.8
1304082,Royal Challengers Bengaluru,0.8
1304085,Royal Challengers Bengaluru,0.6
1304089,Royal Challengers Bengaluru,0.4
1304095,Royal Challengers Bengaluru,0.4
1304100,Royal Challengers Bengaluru,0.4
1304106,Royal Challengers Bengaluru,0.4
1304113,Royal Challengers Bengaluru,0.4
1312198,Royal Challengers Bengaluru,0.6
1312199,Royal Challengers Bengaluru,0.8
1359479,Royal Challengers Bengaluru,0.6
1359483,Royal Challengers Bengaluru,0.6
1359489,Royal Challengers Bengaluru,0.6
1359494,Royal Challengers Bengaluru,0.4
1359498,Royal Challengers Bengaluru,0.4
1359501,Royal Challengers Bengaluru,0.4
1359506,Royal Challengers Bengaluru,0.4
1359510,Royal Challengers Bengaluru,0.6
1359517,Royal Challengers Bengaluru,0.6
1359524,Royal Challengers Bengaluru,0.6
1359528,Royal Challengers Bengaluru,0.6
1359534,Royal Challengers Bengaluru,0.4
1359539,Royal Challengers Bengaluru,0.4
1359544,Royal Challengers Bengaluru,0.6
1422119,Royal Challengers Bengaluru,0.4
1422124,Royal Challengers Bengaluru,0.4
1422128,Royal Challengers Bengaluru,0.6
1422133,Royal Challengers Bengaluru,0.4
1422137,Royal Challengers Bengaluru,0.2
1426263,Royal Challengers Bengaluru,0.2
1426268,Royal Challengers Bengaluru,0.2
1426274,Royal Challengers Bengaluru,0.0
1426279,Royal Challengers Bengaluru,0.0
1426283,Royal Challengers Bengaluru,0.2
1426290,Royal Challengers Bengaluru,0.4
1426296,Royal Challengers Bengaluru,0.6
1426300,Royal Challengers Bengaluru,0.8
1426306,Royal Challengers Bengaluru,1.0
1426310,Royal Challengers Bengaluru,1.0
335986,Sunrisers Hyderabad,0.5
335988,Sunrisers Hyderabad,0.0
335990,Sunrisers Hyderabad,0.0
335994,Sunrisers Hyderabad,0.0
335999,Sunrisers Hyderabad,0.25
336034,Sunrisers Hyderabad,0.2
336007,Sunrisers Hyderabad,0.2
336011,Sunrisers Hyderabad,0.4
336014,Sunrisers Hyderabad,0.4
336020,Sunrisers Hyderabad,0.2
336024,Sunrisers Hyderabad,0.2
336031,Sunrisers Hyderabad,0.2
336002,Sunrisers Hyderabad,0.0
336037,Sunrisers Hyderabad,0.0
392184,Sunrisers Hyderabad,0.0
392188,Sunrisers Hyderabad,0.2
392192,Sunrisers Hyderabad,0.4
392196,Sunrisers Hyderabad,0.6
392201,Sunrisers Hyderabad,0.8
392205,Sunrisers Hyderabad,0.8
392209,Sunrisers Hyderabad,0.6
392212,Sunrisers Hyderabad,0.4
392216,Sunrisers Hyderabad,0.4
392220,Sunrisers Hyderabad,0.2
392223,Sunrisers Hyderabad,0.4
392228,Sunrisers Hyderabad,0.4
392229,Sunrisers Hyderabad,0.6
392236,Sunrisers Hyderabad,0.4
392237,Sunrisers Hyderabad,0.4
392239,Sunrisers Hyderabad,0.4
419106,Sunrisers Hyderabad,0.6
419110,Sunrisers Hyderabad,0.4
419117,Sunrisers Hyderabad,0.6
419120,Sunrisers Hyderabad,0.8
419126,Sunrisers Hyderabad,0.8
419130,Sunrisers Hyderabad,0.6
419135,Sunrisers Hyderabad,0.6
419138,Sunrisers Hyderabad,0.4
419141,Sunrisers Hyderabad,0.2
419145,Sunrisers Hyderabad,0.0
419147,Sunrisers Hyderabad,0.2
419151,Sunrisers Hyderabad,0.4
419156,Sunrisers Hyderabad,0.6
419160,Sunrisers Hyderabad,0.8
419163,Sunrisers Hyderabad,1.0
419164,Sunrisers Hyderabad,0.8
501199,Sunrisers Hyderabad,0.6
501203,Sunrisers Hyderabad,0.4
501208,Sunrisers Hyderabad,0.2
501212,Sunrisers Hyderabad,0.2
501216,Sunrisers Hyderabad,0.2
501224,Sunrisers Hyderabad,0.4
501229,Sunrisers Hyderabad,0.4
501236,Sunrisers Hyderabad,0.6
501239,Sunrisers Hyderabad,0.4
501243,Sunrisers Hyderabad,0.4
501250,Sunrisers Hyderabad,0.2
501256,Sunrisers Hyderabad,0.2
501259,Sunrisers Hyderabad,0.2
501264,Sunrisers Hyderabad,0.4
548311,Sunrisers Hyderabad,0.6
548314,Sunrisers Hyderabad,0.6
548326,Sunrisers Hyderabad,0.6
548321,Sunrisers Hyderabad,0.4
548335,Sunrisers Hyderabad,0.2
548341,Sunrisers Hyderabad,0.0
548346,Sunrisers Hyderabad,0.2
548348,Sunrisers Hyderabad,0.2
548352,Sunrisers Hyderabad,0.4
548356,Sunrisers Hyderabad,0.4
548359,Sunrisers Hyderabad,0.4
548329,Sunrisers Hyderabad,0.2
548366,Sunrisers Hyderabad,0.2
548373,Sunrisers Hyderabad,0.0
548376,Sunrisers Hyderabad,0.2
598000,Sunrisers Hyderabad,0.4
598004,Sunrisers Hyderabad,0.6
598048,Sunrisers Hyderabad,0.8
598010,Sunrisers Hyderabad,0.8
598013,Sunrisers Hyderabad,0.8
598018,Sunrisers Hyderabad,0.6
598021,Sunrisers Hyderabad,0.6
598030,Sunrisers Hyderabad,0.6
598032,Sunrisers Hyderabad,0.6
598039,Sunrisers Hyderabad,0.4
598044,Sunrisers Hyderabad,0.6
598051,Sunrisers Hyderabad,0.6
598056,Sunrisers Hyderabad,0.4
598060,Sunrisers Hyderabad,0.6
598065,Sunrisers Hyderabad,0.6
598069,Sunrisers Hyderabad,0.6
598071,Sunrisers Hyderabad,0.6
729285,Sunrisers Hyderabad,0.6
729295,Sunrisers Hyderabad,0.4
729301,Sunrisers Hyderabad,0.4
729311,Sunrisers Hyderabad,0.4
729317,Sunrisers Hyderabad,0.2
733977,Sunrisers Hyderabad,0.4
733989,Sunrisers Hyderabad,0.4
733993,Sunrisers Hyderabad,0.6
734001,Sunrisers Hyderabad,0.6
734007,Sunrisers Hyderabad,0.6
734015,Sunrisers Hyderabad,0.4
734021,Sunrisers Hyderabad,0.4
734029,Sunrisers Hyderabad,0.4
734037,Sunrisers Hyderabad,0.4
829711,Sunrisers Hyderabad,0.4
829719,Sunrisers Hyderabad,0.4
829727,Sunrisers Hyderabad,0.6
829731,Sunrisers Hyderabad,0.4
829743,Sunrisers Hyderabad,0.2
829751,Sunrisers Hyderabad,0.4
829759,Sunrisers Hyderabad,0.4
829773,Sunrisers Hyderabad,0.4
829781,Sunrisers Hyderabad,0.6
829787,Sunrisers Hyderabad,0.6
829793,Sunrisers Hyderabad,0.6
829799,Sunrisers Hyderabad,0.8
829807,Sunrisers Hyderabad,0.8
829815,Sunrisers Hyderabad,0.6
980907,Sunrisers Hyderabad,0.6
980915,Sunrisers Hyderabad,0.4
980923,Sunrisers Hyderabad,0.2
980929,Sunrisers Hyderabad,0.2
980935,Sunrisers Hyderabad,0.4
980943,Sunrisers Hyderabad,0.6
980953,Sunrisers Hyderabad,0.6
980967,Sunrisers Hyderabad,0.8
980973,Sunrisers Hyderabad,0.8
980979,Sunrisers Hyderabad,0.8
980983,Sunrisers Hyderabad,0.8
980991,Sunrisers Hyderabad,0.8
981003,Sunrisers Hyderabad,0.8
981009,Sunrisers Hyderabad,0.6
981015,Sunrisers Hyderabad,0.4
981017,Sunrisers Hyderabad,0.4
981019,Sunrisers Hyderabad,0.6
1082591,Sunrisers Hyderabad,0.6
1082596,Sunrisers Hyderabad,0.8
1082600,Sunrisers Hyderabad,1.0
1082604,Sunrisers Hyderabad,0.8
1082609,Sunrisers Hyderabad,0.6
1082611,Sunrisers Hyderabad,0.6
1082615,Sunrisers Hyderabad,0.6
1082623,Sunrisers Hyderabad,0.4
1082627,Sunrisers Hyderabad,0.6
1082630,Sunrisers Hyderabad,0.8
1082634,Sunrisers Hyderabad,0.6
1082638,Sunrisers Hyderabad,0.4
1082643,Sunrisers Hyderabad,0.6
1082648,Sunrisers Hyderabad,0.6
1136564,Sunrisers Hyderabad,0.4
1136567,Sunrisers Hyderabad,0.6
1136570,Sunrisers Hyderabad,0.8
1136576,Sunrisers Hyderabad,0.8
1136580,Sunrisers Hyderabad,0.6
1136583,Sunrisers Hyderabad,0.6
1136585,Sunrisers Hyderabad,0.6
1136588,Sunrisers Hyderabad,0.6
1136596,Sunrisers Hyderabad,0.6
1136599,Sunrisers Hyderabad,0.8
1136602,Sunrisers Hyderabad,1.0
1136606,Sunrisers Hyderabad,1.0
1136611,Sunrisers Hyderabad,0.8
1136614,Sunrisers Hyderabad,0.6
1136617,Sunrisers Hyderabad,0.4
1136619,Sunrisers Hyderabad,0.2
1136620,Sunrisers Hyderabad,0.2
1175357,Sunrisers Hyderabad,0.2
1175363,Sunrisers Hyderabad,0.2
1175366,Sunrisers Hyderabad,0.4
1175371,Sunrisers Hyderabad,0.6
1178394,Sunrisers Hyderabad,0.6
1178397,Sunrisers Hyderabad,0.6
1178405,Sunrisers Hyderabad,0.6
1178408,Sunrisers Hyderabad,0.4
1178413,Sunrisers Hyderabad,0.4
1178416,Sunrisers Hyderabad,0.4
1178420,Sunrisers Hyderabad,0.4
1178423,Sunrisers Hyderabad,0.4
1178426,Sunrisers Hyderabad,0.6
1178429,Sunrisers Hyderabad,0.4
1181766,Sunrisers Hyderabad,0.2
1216534,Sunrisers Hyderabad,0.2
1216545,Sunrisers Hyderabad,0.2
1216532,Sunrisers Hyderabad,0.0
1216516,Sunrisers Hyderabad,0.2
1216538,Sunrisers Hyderabad,0.4
1216542,Sunrisers Hyderabad,0.4
1216507,Sunrisers Hyderabad,0.6
1216528,Sunrisers Hyderabad,0.6
1216512,Sunrisers Hyderabad,0.4
1216518,Sunrisers Hyderabad,0.2
1216498,Sunrisers Hyderabad,0.4
1216524,Sunrisers Hyderabad,0.2
1216502,Sunrisers Hyderabad,0.4
1216495,Sunrisers Hyderabad,0.6
1237178,Sunrisers Hyderabad,0.8
1237180,Sunrisers Hyderabad,0.8
1254060,Sunrisers Hyderabad,0.8
1254063,Sunrisers Hyderabad,0.6
1254066,Sunrisers Hyderabad,0.4
1254071,Sunrisers Hyderabad,0.2
1254077,Sunrisers Hyderabad,0.2
1254080,Sunrisers Hyderabad,0.2
1254085,Sunrisers Hyderabad,0.2
1254105,Sunrisers Hyderabad,0.2
1254107,Sunrisers Hyderabad,0.2
1254100,Sunrisers Hyderabad,0.0
1254091,Sunrisers Hyderabad,0.2
1254109,Sunrisers Hyderabad,0.2
1254095,Sunrisers Hyderabad,0.2
1254088,Sunrisers Hyderabad,0.4
1304051,Sunrisers Hyderabad,0.4
1304058,Sunrisers Hyderabad,0.2
1304063,Sunrisers Hyderabad,0.2
1304067,Sunrisers Hyderabad,0.4
1304071,Sunrisers Hyderabad,0.4
1304074,Sunrisers Hyderabad,0.6
1304082,Sunrisers Hyderabad,0.8
1304086,Sunrisers Hyderabad,1.0
1304092,Sunrisers Hyderabad,0.8
1304096,Sunrisers Hyderabad,0.6
1304100,Sunrisers Hyderabad,0.4
1304107,Sunrisers Hyderabad,0.2
1304111,Sunrisers Hyderabad,0.0
1304116,Sunrisers Hyderabad,0.2
1359478,Sunrisers Hyderabad,0.2
1359484,Sunrisers Hyderabad,0.2
1359488,Sunrisers Hyderabad,0.2
1359493,Sunrisers Hyderabad,0.4
1359499,Sunrisers Hyderabad,0.4
1359503,Sunrisers Hyderabad,0.4
1359508,Sunrisers Hyderabad,0.4
1359514,Sunrisers Hyderabad,0.4
1359521,Sunrisers Hyderabad,0.4
1359526,Sunrisers Hyderabad,0.2
1359532,Sunrisers Hyderabad,0.4
1359536,Sunrisers Hyderabad,0.4
1359539,Sunrisers Hyderabad,0.4
1359543,Sunrisers Hyderabad,0.2
1422121,Sunrisers Hyderabad,0.2
1422126,Sunrisers Hyderabad,0.0
1422130,Sunrisers Hyderabad,0.2
1422136,Sunrisers Hyderabad,0.2
1426261,Sunrisers Hyderabad,0.4
1426268,Sunrisers Hyderabad,0.6
1426273,Sunrisers Hyderabad,0.8
1426279,Sunrisers Hyderabad,0.8
1426284,Sunrisers Hyderabad,0.8
1426288,Sunrisers Hyderabad,0.6
1426293,Sunrisers Hyderabad,0.6
1426295,Sunrisers Hyderabad,0.4
1426307,Sunrisers Hyderabad,0.4
1426309,Sunrisers Hyderabad,0.6
1426311,Sunrisers Hyderabad,0.6
1426312,Sunrisers Hyderabad,0.6
